<?xml version="1.0" encoding="UTF-8"?>
<project-private xmlns="http://www.netbeans.org/ns/project-private/1">
    <editor-bookmarks xmlns="http://www.netbeans.org/ns/editor-bookmarks/2" lastBookmarkId="0"/>
    <open-files xmlns="http://www.netbeans.org/ns/projectui-open-files/2">
        <group>
            <file>file:/D:/Project%20Sem%205/Railway%20Reservation%20%20Online%20System/src/railway/reservation/online/system/Passenger.java</file>
            <file>file:/D:/Project%20Sem%205/Railway%20Reservation%20%20Online%20System/src/railway/reservation/online/system/DashBoard.java</file>
            <file>file:/D:/Project%20Sem%205/Railway%20Reservation%20%20Online%20System/src/railway/reservation/online/system/Reservation.java</file>
            <file>file:/D:/Project%20Sem%205/Railway%20Reservation%20%20Online%20System/src/railway/reservation/online/system/RailwayReservationOnlineSystem.java</file>
            <file>file:/D:/Project%20Sem%205/Railway%20Reservation%20%20Online%20System/src/railway/reservation/online/system/Train.java</file>
            <file>file:/D:/Project%20Sem%205/Railway%20Reservation%20%20Online%20System/src/railway/reservation/online/system/Cancellation.java</file>
            <file>file:/D:/Project%20Sem%205/Railway%20Reservation%20%20Online%20System/src/railway/reservation/online/system/Login.java</file>
            <file>file:/D:/Project%20Sem%205/Railway%20Reservation%20%20Online%20System/src/railway/reservation/online/system/Loading.java</file>
        </group>
    </open-files>
</project-private>
